balance_id,account_id,as_of,amount,currency,status
BAL-001,ACC-BR-OPER-01,2026-09-23T15:00:00Z,3280000,BRL,current
BAL-002,ACC-BR-RES-01,2026-09-23T15:00:00Z,2450000,BRL,current
BAL-003,ACC-BR-USD-01,2026-09-23T15:00:00Z,220000,USD,current
BAL-004,WAL-BR-USDC-01,2026-09-23T15:00:00Z,180000,USDC,current
BAL-005,ACC-US-OPER-01,2026-09-23T15:00:00Z,1250000,USD,current
BAL-006,ACC-US-RES-01,2026-09-23T15:00:00Z,400000,USD,current
BAL-007,WAL-US-USDC-01,2026-09-23T15:00:00Z,300000,USDC,current
BAL-008,ACC-EU-OPER-01,2026-09-23T15:00:00Z,620000,EUR,current
BAL-009,ACC-EU-USD-01,2026-09-23T15:00:00Z,95000,USD,current
