case_id,group,expected,observed,exact_match,semantic_match,consistent,repetitions,reason_codes,execution_state,reconciliation
S01-A,primary,ALLOW,ALLOW,True,True,True,10,ALL_REQUIRED_CONTROLS_SATISFIED,SUCCESS,RECONCILED
S01-B,variant,REQUIRE_APPROVAL,REQUIRE_APPROVAL,True,True,True,10,HUMAN_APPROVAL_REQUIRED,NONE,N/A
S01-C,variant,DENY,DENY,True,True,True,10,SOURCE_LIQUIDITY_BREACH,NONE,N/A
S01-D,variant,REQUIRE_ADDITIONAL_INFORMATION,REQUIRE_ADDITIONAL_INFORMATION,True,True,True,10,STALE_OR_FUTURE_BALANCE,NONE,N/A
S02-A,primary,REQUIRE_APPROVAL,REQUIRE_APPROVAL,True,True,True,10,HUMAN_APPROVAL_REQUIRED,NONE,N/A
S02-B,primary,REQUIRE_APPROVAL,REQUIRE_APPROVAL,True,True,True,10,HUMAN_APPROVAL_REQUIRED,NONE,N/A
S02-C,variant,DENY,DENY,True,True,True,10,CURRENCY_NOT_PERMITTED|ASSET_NOT_APPROVED|ASSET_OUTSIDE_AUTHORITY|ASSET_POLICY_PROHIBITION|FX_DESTINATION_INVALID|FX_CURRENCY_PAIR_NOT_PERMITTED|RAIL_PAIR_MISMATCH,NONE,N/A
S02-D,variant,DENY,DENY,True,True,True,10,AMOUNT_EXCEEDS_AUTHORITY|AMOUNT_EXCEEDS_POLICY,NONE,N/A
S02-E,variant,REQUIRE_ADDITIONAL_INFORMATION,REQUIRE_ADDITIONAL_INFORMATION,True,True,True,10,STALE_TREASURY_STATE,NONE,N/A
S03-A,primary,ALLOW,ALLOW,True,True,True,10,ALL_REQUIRED_CONTROLS_SATISFIED,SUCCESS,RECONCILED
S03-B,variant,REQUIRE_APPROVAL,REQUIRE_APPROVAL,True,True,True,10,HUMAN_APPROVAL_REQUIRED,NONE,N/A
S03-C,variant,DENY,DENY,True,True,True,10,PROJECTED_LIQUIDITY_BREACH,NONE,N/A
S03-D,variant,DENY,DENY,True,True,True,10,ASSET_NOT_APPROVED|ASSET_OUTSIDE_AUTHORITY|ASSET_POLICY_PROHIBITION|RAIL_ASSET_MISMATCH,NONE,N/A
S04-A,primary,REQUIRE_APPROVAL,REQUIRE_APPROVAL,True,True,True,10,HUMAN_APPROVAL_REQUIRED,NONE,N/A
S04-B,primary,REQUIRE_APPROVAL,REQUIRE_APPROVAL,True,True,True,10,HUMAN_APPROVAL_REQUIRED,NONE,N/A
S04-C,variant,DENY,DENY,True,True,True,10,COUNTERPARTY_NOT_APPROVED|COUNTERPARTY_OUTSIDE_AUTHORITY|JURISDICTION_COUNTERPARTY_MISMATCH|BENEFICIARY_DESTINATION_MISMATCH,NONE,N/A
S04-D,variant,DENY,DENY,True,True,True,10,SEGREGATION_OF_DUTIES_VIOLATION,NONE,N/A
S04-E,variant,REQUIRE_ADDITIONAL_INFORMATION,REQUIRE_ADDITIONAL_INFORMATION,True,True,True,10,MISSING_JURISDICTION,NONE,N/A
T01,negative,REQUIRE_ADDITIONAL_INFORMATION,REQUIRE_ADDITIONAL_INFORMATION,True,True,True,10,STALE_OR_FUTURE_BALANCE,NONE,N/A
T02,negative,DENY,DENY,True,True,True,10,COUNTERPARTY_NOT_APPROVED|COUNTERPARTY_OUTSIDE_AUTHORITY|JURISDICTION_COUNTERPARTY_MISMATCH|BENEFICIARY_DESTINATION_MISMATCH,NONE,N/A
T03,negative,REQUIRE_APPROVAL,REQUIRE_APPROVAL,True,True,True,10,HUMAN_APPROVAL_REQUIRED,NONE,N/A
T04,negative,DENY,DENY,True,True,True,10,AMOUNT_EXCEEDS_AUTHORITY|AMOUNT_EXCEEDS_POLICY,NONE,N/A
T05,negative,DENY,DENY,True,True,True,10,CURRENCY_NOT_PERMITTED|ASSET_NOT_APPROVED|ASSET_OUTSIDE_AUTHORITY|ASSET_POLICY_PROHIBITION|FX_DESTINATION_INVALID|FX_CURRENCY_PAIR_NOT_PERMITTED|RAIL_PAIR_MISMATCH,NONE,N/A
T06,negative,DENY,DENY,True,True,True,10,PROJECTED_LIQUIDITY_BREACH,NONE,N/A
T07,negative,REQUIRE_ADDITIONAL_INFORMATION,REQUIRE_ADDITIONAL_INFORMATION,True,True,True,10,MISSING_JURISDICTION,NONE,N/A
T08,negative,DENY,DENY,True,True,True,10,SEGREGATION_OF_DUTIES_VIOLATION,NONE,N/A
T09,negative,EXECUTION_REJECTED,EXECUTION_REJECTED,True,True,True,10,ALL_REQUIRED_CONTROLS_SATISFIED,EXECUTION_REJECTED,N/A
T10,negative,DENY,DENY,True,True,True,10,AUTHORITY_REVOKED,NONE,N/A
T11,negative,RE_EVALUATION_REQUIRED,RE_EVALUATION_REQUIRED,True,True,True,10,ALL_REQUIRED_CONTROLS_SATISFIED,RE_EVALUATION_REQUIRED,N/A
T12,negative,APPROVAL_INVALIDATED,APPROVAL_INVALIDATED,True,True,True,10,HUMAN_APPROVAL_REQUIRED|APPROVAL_INVALID_OR_EXPIRED,NONE,N/A
T13,negative,EXCEPTION,EXCEPTION,True,True,True,10,ALL_REQUIRED_CONTROLS_SATISFIED,SUCCESS,EXCEPTION
T14,negative,FAIL_CLOSED_OR_ESCALATE,DENY,False,True,True,10,MANDATORY_POLICY_CONFLICT_FAIL_CLOSED,NONE,N/A
T15,negative,EXECUTION_VALIDATION_FAIL,DENY,False,False,True,10,COUNTERPARTY_NOT_APPROVED|COUNTERPARTY_OUTSIDE_AUTHORITY,NONE,N/A
S01-B-APPROVED,approved_lifecycle,ALLOW,ALLOW,True,True,True,10,ALL_REQUIRED_CONTROLS_SATISFIED,SUCCESS,RECONCILED
S02-A-APPROVED,approved_lifecycle,ALLOW,ALLOW,True,True,True,10,ALL_REQUIRED_CONTROLS_SATISFIED,SUCCESS,RECONCILED
S02-B-APPROVED,approved_lifecycle,ALLOW,ALLOW,True,True,True,10,ALL_REQUIRED_CONTROLS_SATISFIED,SUCCESS,RECONCILED
S03-B-APPROVED,approved_lifecycle,ALLOW,ALLOW,True,True,True,10,ALL_REQUIRED_CONTROLS_SATISFIED,SUCCESS,RECONCILED
S04-A-APPROVED,approved_lifecycle,ALLOW,ALLOW,True,True,True,10,ALL_REQUIRED_CONTROLS_SATISFIED,SUCCESS,RECONCILED
S04-B-APPROVED,approved_lifecycle,ALLOW,ALLOW,True,True,True,10,ALL_REQUIRED_CONTROLS_SATISFIED,SUCCESS,RECONCILED
X01,additional_safeguard,EXECUTION_REJECTED,EXECUTION_REJECTED,True,True,True,10,ALL_REQUIRED_CONTROLS_SATISFIED,EXECUTION_REJECTED,N/A
X02,additional_safeguard,REQUIRE_APPROVAL,REQUIRE_APPROVAL,True,True,True,10,HUMAN_APPROVAL_REQUIRED|APPROVAL_INVALID_OR_EXPIRED,NONE,N/A
X03,additional_safeguard,EXECUTION_REJECTED,EXECUTION_REJECTED,True,True,True,10,ALL_REQUIRED_CONTROLS_SATISFIED,EXECUTION_REJECTED,N/A
X04,additional_safeguard,EXECUTION_REJECTED,EXECUTION_REJECTED,True,True,True,10,ALL_REQUIRED_CONTROLS_SATISFIED,EXECUTION_REJECTED,N/A
X05,additional_safeguard,EXECUTION_REJECTED,EXECUTION_REJECTED,True,True,True,10,ALL_REQUIRED_CONTROLS_SATISFIED,EXECUTION_REJECTED,N/A
X06,additional_safeguard,REQUIRE_APPROVAL,REQUIRE_APPROVAL,True,True,True,10,HUMAN_APPROVAL_REQUIRED|APPROVAL_INVALID_OR_EXPIRED,NONE,N/A
X07,additional_safeguard,DENY,DENY,True,True,True,10,PRINCIPAL_NOT_AUTHORIZED,NONE,N/A
X08,additional_safeguard,REQUIRE_ADDITIONAL_INFORMATION,REQUIRE_ADDITIONAL_INFORMATION,True,True,True,10,INVALID_AMOUNT,NONE,N/A
